pagamento_id,pedido_id,metodo,parcelas,valor,status,codigo_transacao,processado_em
1,1,BOLETO,1,1762.61,PENDENTE,TXN-00001-P,
2,2,CARTAO_DEBITO,1,2313.34,APROVADO,TXN-00002-A,2025-11-25 22:37:00
3,3,BOLETO,1,512.73,RECUSADO,TXN-00003-R,2026-04-03 15:47:00
4,4,PIX,1,3076.75,APROVADO,TXN-00004-A,2025-05-06 19:44:00
5,5,PIX,1,9019.23,APROVADO,TXN-00005-A,2026-06-01 22:48:00
6,6,CARTAO_CREDITO,1,6709.51,APROVADO,TXN-00006-A,2025-11-03 10:14:00
7,7,PIX,1,2026.31,RECUSADO,TXN-00007-R,2026-01-16 12:07:00
8,8,CARTAO_DEBITO,1,1035.43,APROVADO,TXN-00008-A,2025-05-20 16:21:00
9,9,CARTAO_CREDITO,2,714.70,APROVADO,TXN-00009-A,2026-05-07 21:23:00
10,10,PIX,1,1223.43,APROVADO,TXN-00010-A,2025-05-31 13:13:00
11,11,BOLETO,1,6259.50,APROVADO,TXN-00011-A,2025-03-19 22:35:00
12,12,CARTAO_CREDITO,10,814.30,APROVADO,TXN-00012-A,2026-02-12 18:32:00
13,13,BOLETO,1,14272.42,RECUSADO,TXN-00013-R,2025-10-23 21:55:00
14,14,BOLETO,1,2480.93,APROVADO,TXN-00014-A,2025-11-11 18:14:00
15,15,CARTAO_DEBITO,1,2799.90,APROVADO,TXN-00015-A,2025-02-19 15:45:00
16,16,CARTAO_CREDITO,1,4691.72,APROVADO,TXN-00016-A,2025-03-07 17:22:00
17,17,BOLETO,1,139.81,APROVADO,TXN-00017-A,2025-03-24 20:43:00
18,18,BOLETO,1,7378.54,APROVADO,TXN-00018-A,2025-03-26 15:00:00
19,19,PIX,1,2077.49,PENDENTE,TXN-00019-P,
20,20,PIX,1,369.70,APROVADO,TXN-00020-A,2025-06-10 19:45:00
21,21,PIX,1,668.89,APROVADO,TXN-00021-A,2025-11-27 09:14:00
22,22,CARTAO_DEBITO,1,531.54,APROVADO,TXN-00022-A,2025-10-07 22:24:00
23,23,PIX,1,384.80,RECUSADO,TXN-00023-R,2025-09-04 11:14:00
24,24,CARTAO_CREDITO,1,2014.80,APROVADO,TXN-00024-A,2025-02-12 18:46:00
25,25,CARTAO_CREDITO,3,11436.51,APROVADO,TXN-00025-A,2025-12-19 10:54:00
26,26,CARTAO_CREDITO,10,5129.82,APROVADO,TXN-00026-A,2025-06-23 12:44:00
27,27,PIX,1,15066.54,RECUSADO,TXN-00027-R,2026-04-08 19:20:00
28,28,PIX,1,6235.52,APROVADO,TXN-00028-A,2025-01-17 11:32:00
29,29,PIX,1,570.61,PENDENTE,TXN-00029-P,
30,30,PIX,1,4287.84,APROVADO,TXN-00030-A,2026-01-12 10:43:00
31,31,BOLETO,1,111.81,APROVADO,TXN-00031-A,2026-01-02 08:53:00
32,32,CARTAO_DEBITO,1,895.51,APROVADO,TXN-00032-A,2025-04-09 09:58:00
33,33,CARTAO_CREDITO,6,554.11,APROVADO,TXN-00033-A,2025-03-07 10:06:00
34,34,BOLETO,1,2780.83,APROVADO,TXN-00034-A,2025-05-06 10:54:00
35,35,PIX,1,12805.46,PENDENTE,TXN-00035-P,
36,36,PIX,1,9499.50,APROVADO,TXN-00036-A,2025-01-09 14:54:00
37,37,PIX,1,1588.04,PENDENTE,TXN-00037-P,
38,38,CARTAO_CREDITO,1,4229.40,RECUSADO,TXN-00038-R,2025-03-24 18:35:00
39,39,BOLETO,1,879.70,PENDENTE,TXN-00039-P,
40,40,CARTAO_CREDITO,1,8999.21,RECUSADO,TXN-00040-R,2025-02-05 18:10:00
41,41,PIX,1,4844.72,PENDENTE,TXN-00041-P,
42,42,PIX,1,1152.22,PENDENTE,TXN-00042-P,
43,43,PIX,1,2575.82,APROVADO,TXN-00043-A,2026-03-20 20:59:00
44,44,PIX,1,1039.50,PENDENTE,TXN-00044-P,
45,45,PIX,1,341.71,APROVADO,TXN-00045-A,2026-04-08 15:58:00
46,46,PIX,1,3598.14,APROVADO,TXN-00046-A,2026-01-17 20:45:00
47,47,BOLETO,1,2264.31,APROVADO,TXN-00047-A,2025-01-25 21:54:00
48,48,CARTAO_DEBITO,1,9575.23,APROVADO,TXN-00048-A,2025-06-16 19:59:00
49,49,PIX,1,190.81,APROVADO,TXN-00049-A,2025-06-13 20:25:00
50,50,CARTAO_CREDITO,1,316.62,APROVADO,TXN-00050-A,2025-09-01 12:45:00
51,51,BOLETO,1,253.21,APROVADO,TXN-00051-A,2025-05-29 17:34:00
52,52,PIX,1,264.60,APROVADO,TXN-00052-A,2026-03-26 20:20:00
53,53,CARTAO_CREDITO,3,1158.22,APROVADO,TXN-00053-A,2026-03-10 08:50:00
54,54,BOLETO,1,684.62,PENDENTE,TXN-00054-P,
55,55,CARTAO_CREDITO,10,8999.80,APROVADO,TXN-00055-A,2026-02-14 09:50:00
56,56,CARTAO_DEBITO,1,1598.20,APROVADO,TXN-00056-A,2026-05-13 18:37:00
57,57,CARTAO_CREDITO,2,1794.81,APROVADO,TXN-00057-A,2026-04-07 23:11:00
58,58,BOLETO,1,5292.95,APROVADO,TXN-00058-A,2026-05-29 20:28:00
59,59,PIX,1,11818.44,APROVADO,TXN-00059-A,2025-04-10 13:47:00
60,60,PIX,1,2424.70,APROVADO,TXN-00060-A,2025-12-29 22:00:00
61,61,CARTAO_CREDITO,3,6199.31,APROVADO,TXN-00061-A,2025-10-03 23:22:00
62,62,PIX,1,12109.62,APROVADO,TXN-00062-A,2025-05-11 16:04:00
63,63,CARTAO_DEBITO,1,1760.24,APROVADO,TXN-00063-A,2025-03-31 10:41:00
64,64,BOLETO,1,9494.74,PENDENTE,TXN-00064-P,
65,65,BOLETO,1,993.04,APROVADO,TXN-00065-A,2025-11-09 13:58:00
66,66,BOLETO,1,1459.72,APROVADO,TXN-00066-A,2026-03-07 08:12:00
67,67,CARTAO_DEBITO,1,596.34,APROVADO,TXN-00067-A,2025-09-29 11:40:00
68,68,PIX,1,5694.76,APROVADO,TXN-00068-A,2025-08-29 09:03:00
69,69,CARTAO_CREDITO,1,2479.72,RECUSADO,TXN-00069-R,2025-06-30 18:07:00
70,70,BOLETO,1,2265.25,APROVADO,TXN-00070-A,2026-06-18 15:21:00
71,71,BOLETO,1,14926.04,APROVADO,TXN-00071-A,2025-12-31 20:22:00
72,72,BOLETO,1,8219.53,APROVADO,TXN-00072-A,2026-02-23 12:21:00
73,73,PIX,1,2413.93,PENDENTE,TXN-00073-P,
74,74,PIX,1,963.02,RECUSADO,TXN-00074-R,2025-09-01 13:09:00
75,75,BOLETO,1,17156.42,PENDENTE,TXN-00075-P,
76,76,CARTAO_DEBITO,1,240.21,APROVADO,TXN-00076-A,2026-03-23 12:32:00
77,77,CARTAO_CREDITO,1,1099.85,APROVADO,TXN-00077-A,2025-01-17 21:14:00
78,78,CARTAO_CREDITO,6,2179.06,APROVADO,TXN-00078-A,2025-04-26 18:38:00
79,79,BOLETO,1,1069.80,APROVADO,TXN-00079-A,2025-11-26 20:23:00
80,80,CARTAO_DEBITO,1,2119.63,APROVADO,TXN-00080-A,2026-01-09 15:58:00
81,81,CARTAO_DEBITO,1,2564.91,APROVADO,TXN-00081-A,2025-10-15 08:29:00
82,82,PIX,1,409.81,APROVADO,TXN-00082-A,2026-03-05 10:40:00
83,83,CARTAO_DEBITO,1,3399.80,APROVADO,TXN-00083-A,2025-12-07 12:58:00
84,84,BOLETO,1,204.72,APROVADO,TXN-00084-A,2026-02-27 12:03:00
85,85,CARTAO_DEBITO,1,734.70,APROVADO,TXN-00085-A,2026-01-28 21:31:00
86,86,CARTAO_DEBITO,1,9459.43,APROVADO,TXN-00086-A,2025-12-31 19:14:00
87,87,CARTAO_CREDITO,1,21533.08,APROVADO,TXN-00087-A,2026-03-17 19:23:00
88,88,CARTAO_CREDITO,1,74.80,APROVADO,TXN-00088-A,2025-06-14 10:29:00
89,89,BOLETO,1,4389.68,PENDENTE,TXN-00089-P,
90,90,BOLETO,1,5389.30,APROVADO,TXN-00090-A,2025-06-15 14:26:00
91,91,CARTAO_DEBITO,1,3487.00,APROVADO,TXN-00091-A,2026-03-03 14:26:00
92,92,BOLETO,1,2519.80,APROVADO,TXN-00092-A,2025-09-21 14:10:00
93,93,PIX,1,1000.62,APROVADO,TXN-00093-A,2026-03-01 16:03:00
94,94,PIX,1,7124.71,APROVADO,TXN-00094-A,2025-11-11 21:20:00
95,95,BOLETO,1,4049.91,APROVADO,TXN-00095-A,2025-02-03 12:14:00
96,96,CARTAO_CREDITO,10,1439.81,APROVADO,TXN-00096-A,2026-02-10 11:20:00
97,97,PIX,1,924.72,APROVADO,TXN-00097-A,2025-10-18 09:05:00
98,98,PIX,1,12259.30,APROVADO,TXN-00098-A,2025-10-31 18:47:00
99,99,PIX,1,4151.82,PENDENTE,TXN-00099-P,
100,100,BOLETO,1,514.80,APROVADO,TXN-00100-A,2025-07-03 11:12:00
101,101,CARTAO_CREDITO,10,904.81,APROVADO,TXN-00101-A,2026-01-13 12:45:00
102,102,PIX,1,8085.53,APROVADO,TXN-00102-A,2026-05-22 17:58:00
103,103,CARTAO_CREDITO,2,549.80,APROVADO,TXN-00103-A,2026-03-07 22:24:00
104,104,PIX,1,7433.13,APROVADO,TXN-00104-A,2025-10-11 17:42:00
105,105,CARTAO_DEBITO,1,5191.52,APROVADO,TXN-00105-A,2025-02-27 22:25:00
106,106,BOLETO,1,89.80,PENDENTE,TXN-00106-P,
107,107,PIX,1,5234.61,APROVADO,TXN-00107-A,2026-01-09 08:11:00
108,108,PIX,1,5057.64,APROVADO,TXN-00108-A,2025-03-17 17:09:00
109,109,PIX,1,326.34,APROVADO,TXN-00109-A,2025-09-05 16:23:00
110,110,CARTAO_CREDITO,1,9246.34,APROVADO,TXN-00110-A,2025-03-26 14:14:00
111,111,CARTAO_CREDITO,10,4194.63,APROVADO,TXN-00111-A,2026-01-15 22:53:00
112,112,CARTAO_CREDITO,1,4999.72,RECUSADO,TXN-00112-R,2026-04-04 16:10:00
113,113,PIX,1,1068.72,APROVADO,TXN-00113-A,2025-11-12 13:36:00
114,114,PIX,1,4538.63,APROVADO,TXN-00114-A,2025-09-14 18:01:00
115,115,CARTAO_CREDITO,6,5165.22,APROVADO,TXN-00115-A,2026-04-13 14:52:00
116,116,CARTAO_DEBITO,1,14523.34,APROVADO,TXN-00116-A,2025-11-20 09:55:00
117,117,BOLETO,1,6307.43,RECUSADO,TXN-00117-R,2025-03-15 16:08:00
118,118,CARTAO_DEBITO,1,17661.06,APROVADO,TXN-00118-A,2025-06-18 14:32:00
119,119,CARTAO_CREDITO,1,6699.50,APROVADO,TXN-00119-A,2025-07-19 22:30:00
120,120,CARTAO_DEBITO,1,832.95,APROVADO,TXN-00120-A,2026-06-08 22:26:00
